{"Челябинск": [0.9899817849526762, 0.5995884050208122], "Тюмень": [0.9333548237799087, 0.7494064889025229], "Москва": [0.005083897383734048, 0.4288800212941138], "Вологда": [0.9991071390300401, 0.47013256339676635], "Санкт-Петербург": [0.04456003782878848, 0.7063357478903872], "Волгоград": [0.998956107025757, 0.46770753552759814], "Нижний Новгород": [0.9445664583003299, 0.271175473005403], "Омск": [0.9918226486581183, 0.5900582159878436], "Краснодар": [0.976353446142207, 0.348054633672351], "Новосибирск": [0.5396182302730337, 0.998427924408367], "Самара": [0.9602661761526838, 0.3046668305438459], "Красноярск": [0.9977900625406113, 0.546957998635103], "Архангельск": [0.9804185338574983, 0.3614430358076083], "Пермь": [0.9993177830540214, 0.5261103720007427], "Екатеринбург": [0.31593116082799855, 0.9648856444824597], "Воронеж": [0.9712610514518392, 0.6670719048329399], "Казань": [0.9830119279449026, 0.37077354193916723], "Уфа": [0.9814388420328518, 0.365030961394597], "Ростов-на-Дону": [0.9935011445193568, 0.41964690200070115], "Саратов": [0.9953398363154453, 0.5681061418595111]}